ticker,company_name,sector,industry,finnhub_usable,finnhub_raw,finnhub_relevant,finnhub_extracted,google_mode,google_raw,google_decoded,google_relevant,google_extracted,google_enriched_complete,live_db_before,live_db_after,google_added_usable,google_429s,final_usable,reached_3,reached_10,rescued_to_3,boosted_to_10,top_failure
AMD,Advanced Micro Devices,Information Technology,Semiconductors,75,243,10,9,none,0,0,0,0,0,72,72,0,0,75,True,True,False,False,blocked_domains
GOOG,Alphabet Inc.,Communication Services,Interactive Media & Services,74,246,10,10,none,0,0,0,0,0,74,74,0,0,74,True,True,False,False,none
GOOGL,Alphabet Inc.,Communication Services,Interactive Media & Services,61,245,10,10,none,0,0,0,0,0,61,61,0,0,61,True,True,False,False,none
AMZN,Amazon,Consumer Discretionary,Broadline Retail,57,243,10,10,none,0,0,0,0,0,52,52,0,0,57,True,True,False,False,none
ADBE,Adobe Inc.,Information Technology,Application Software,39,38,10,8,none,0,0,0,0,0,35,35,0,0,39,True,True,False,False,blocked_domains
AKAM,Akamai Technologies,Information Technology,Internet Services & Infrastructure,34,51,10,9,none,0,0,0,0,0,34,34,0,0,34,True,True,False,False,blocked_domains
ABNB,Airbnb,Consumer Discretionary,"Hotels, Resorts & Cruise Lines",33,32,10,10,none,0,0,0,0,0,31,31,0,0,33,True,True,False,False,none
ABT,Abbott Laboratories,Health Care,Health Care Equipment,28,27,10,9,none,0,0,0,0,0,22,22,0,0,28,True,True,False,False,blocked_domains
ACN,Accenture,Information Technology,IT Consulting & Other Services,27,40,10,8,none,0,0,0,0,0,26,26,0,0,27,True,True,False,False,blocked_domains
ALB,Albemarle Corporation,Materials,Specialty Chemicals,24,24,10,9,none,0,0,0,0,0,23,23,0,0,24,True,True,False,False,blocked_domains
ABBV,AbbVie,Health Care,Biotechnology,23,35,10,10,none,0,0,0,0,0,24,24,0,0,23,True,True,False,False,none
AAPL,Apple Inc.,Information Technology,"Technology Hardware, Storage & Peripherals",22,238,10,10,none,0,0,0,0,0,23,23,0,0,22,True,True,False,False,none
NVDA,Nvidia,Information Technology,Semiconductors,21,249,10,9,none,0,0,0,0,0,21,21,0,0,21,True,True,False,False,blocked_domains
BRO,Brown & Brown,Financials,Insurance Brokers,18,6,6,4,none,0,0,0,0,0,14,14,0,0,18,True,True,False,False,blocked_domains
FOX,Fox Corporation,Communication Services,Broadcasting,17,37,10,7,none,0,0,0,0,0,10,10,0,0,17,True,True,False,False,blocked_domains
MO,Altria,Consumer Staples,Tobacco,17,18,10,7,none,0,0,0,0,0,17,17,0,0,17,True,True,False,False,blocked_domains
AES,AES Corporation,Utilities,Independent Power Producers & Energy Traders,16,8,8,7,none,0,0,0,0,0,14,14,0,0,16,True,True,False,False,blocked_domains
CHD,Church & Dwight,Consumer Staples,Household Products,16,5,5,5,none,0,0,0,0,0,14,14,0,0,16,True,True,False,False,none
T,AT&T,Communication Services,Integrated Telecommunication Services,16,51,10,10,none,0,0,0,0,0,16,16,0,0,16,True,True,False,False,none
ALLE,Allegion,Industrials,Building Products,15,13,9,8,none,0,0,0,0,0,13,13,0,0,15,True,True,False,False,blocked_domains
MTB,M&T Bank,Financials,Regional Banks,15,4,4,3,none,0,0,0,0,0,15,15,0,0,15,True,True,False,False,blocked_domains
PCG,PG&E Corporation,Utilities,Multi-Utilities,15,9,9,9,none,0,0,0,0,0,15,15,0,0,15,True,True,False,False,none
ALL,Allstate,Financials,Property & Casualty Insurance,14,11,9,7,none,0,0,0,0,0,13,13,0,0,14,True,True,False,False,blocked_domains
ALGN,Align Technology,Health Care,Health Care Supplies,13,5,5,5,none,0,0,0,0,0,11,11,0,0,13,True,True,False,False,none
C,Citigroup,Financials,Diversified Banks,13,98,10,10,none,0,0,0,0,0,10,10,0,0,13,True,True,False,False,none
MMM,3M,Industrials,Industrial Conglomerates,13,12,10,7,none,0,0,0,0,0,13,13,0,0,13,True,True,False,False,blocked_domains
AMCR,Amcor,Materials,Paper & Plastic Packaging Products & Materials,12,8,8,6,none,0,0,0,0,0,11,11,0,0,12,True,True,False,False,blocked_domains
AOS,A. O. Smith,Industrials,Building Products,12,10,10,8,none,0,0,0,0,0,12,12,0,0,12,True,True,False,False,blocked_domains
BR,Broadridge Financial Solutions,Industrials,Data Processing & Outsourced Services,12,19,10,9,none,0,0,0,0,0,7,7,0,0,12,True,True,False,False,blocked_domains
FOXA,Fox Corporation,Communication Services,Broadcasting,12,43,10,8,none,0,0,0,0,0,7,7,0,0,12,True,True,False,False,blocked_domains
JNJ,Johnson & Johnson,Health Care,Pharmaceuticals,12,59,10,9,none,0,0,0,0,0,11,11,0,0,12,True,True,False,False,blocked_domains
KKR,KKR & Co.,Financials,Asset Management & Custody Banks,12,35,10,10,none,0,0,0,0,0,11,11,0,0,12,True,True,False,False,none
AEE,Ameren,Utilities,Multi-Utilities,11,6,6,5,none,0,0,0,0,0,5,5,0,0,11,True,True,False,False,none
AFL,Aflac,Financials,Life & Health Insurance,11,9,9,8,none,0,0,0,0,0,8,8,0,0,11,True,True,False,False,blocked_domains
APH,Amphenol,Information Technology,Electronic Components,11,25,10,10,none,0,0,0,0,0,9,9,0,0,11,True,True,False,False,none
BLK,BlackRock,Financials,Asset Management & Custody Banks,11,84,10,10,none,0,0,0,0,0,9,9,0,0,11,True,True,False,False,none
CARR,Carrier Global,Industrials,Building Products,11,11,10,9,none,0,0,0,0,0,10,10,0,0,11,True,True,False,False,blocked_domains
CRM,Salesforce,Information Technology,Application Software,11,91,10,10,none,0,0,0,0,0,8,8,0,0,11,True,True,False,False,none
CTSH,Cognizant,Information Technology,IT Consulting & Other Services,11,12,10,10,none,0,0,0,0,0,6,6,0,0,11,True,True,False,False,none
EG,Everest Group,Financials,Reinsurance,11,7,7,7,none,0,0,0,0,0,7,7,0,0,11,True,True,False,False,none
A,Agilent Technologies,Health Care,Life Sciences Tools & Services,10,7,7,7,none,0,0,0,0,0,12,12,0,0,10,True,True,False,False,none
AIG,American International Group,Financials,Multi-line Insurance,10,7,7,6,none,0,0,0,0,0,8,8,0,0,10,True,True,False,False,blocked_domains
AON,Aon plc,Financials,Insurance Brokers,10,15,9,8,none,0,0,0,0,0,8,8,0,0,10,True,True,False,False,blocked_domains
BK,BNY Mellon,Financials,Asset Management & Custody Banks,10,9,9,8,none,0,0,0,0,0,8,8,0,0,10,True,True,False,False,blocked_domains
CI,Cigna,Health Care,Health Care Services,10,11,10,9,none,0,0,0,0,0,7,7,0,0,10,True,True,False,False,blocked_domains
COR,Cencora,Health Care,Health Care Distributors,10,10,9,8,none,0,0,0,0,0,9,9,0,0,10,True,True,False,False,blocked_domains
CVS,CVS Health,Health Care,Health Care Services,10,43,9,9,none,0,0,0,0,0,6,6,0,0,10,True,True,False,False,none
DELL,Dell Technologies,Information Technology,"Technology Hardware, Storage & Peripherals",10,80,10,10,none,0,0,0,0,0,6,6,0,0,10,True,True,False,False,none
DOW,Dow Inc.,Materials,Commodity Chemicals,10,13,10,7,none,0,0,0,0,0,5,5,0,0,10,True,True,False,False,blocked_domains
DUK,Duke Energy,Utilities,Electric Utilities,10,18,10,10,none,0,0,0,0,0,8,8,0,0,10,True,True,False,False,none
EME,Emcor,Industrials,Construction & Engineering,10,19,10,10,none,0,0,0,0,0,7,7,0,0,10,True,True,False,False,none
EOG,EOG Resources,Energy,Oil & Gas Exploration & Production,10,15,10,9,none,0,0,0,0,0,6,6,0,0,10,True,True,False,False,blocked_domains
ES,Eversource Energy,Utilities,Electric Utilities,10,10,10,9,none,0,0,0,0,0,5,5,0,0,10,True,True,False,False,blocked_domains
ETN,Eaton Corporation,Industrials,Electrical Components & Equipment,10,21,9,9,none,0,0,0,0,0,7,7,0,0,10,True,True,False,False,none
FRT,Federal Realty Investment Trust,Real Estate,Retail REITs,10,8,8,6,none,0,0,0,0,0,4,4,0,0,10,True,True,False,False,blocked_domains
GE,GE Aerospace,Industrials,Aerospace & Defense,10,46,10,9,none,0,0,0,0,0,9,9,0,0,10,True,True,False,False,blocked_domains
SPGI,S&P Global,Financials,Financial Exchanges & Data,10,37,10,8,none,0,0,0,0,0,10,10,0,0,10,True,True,False,False,blocked_domains
AIZ,Assurant,Financials,Multi-line Insurance,9,11,10,9,production_boost,11,9,0,0,0,9,9,0,0,9,True,False,False,False,blocked_domains
APO,Apollo Global Management,Financials,Asset Management & Custody Banks,9,52,10,10,production_boost,14,12,0,0,0,9,9,0,0,9,True,False,False,False,none
AWK,American Water Works,Utilities,Water Utilities,9,19,10,10,production_boost,15,10,0,0,0,9,9,0,0,9,True,False,False,False,none
AXP,American Express,Financials,Consumer Finance,9,47,9,9,production_boost,15,13,0,0,0,10,10,0,0,9,True,False,False,False,none
BEN,Franklin Resources,Financials,Asset Management & Custody Banks,9,15,10,9,production_boost,11,9,0,0,0,9,9,0,0,9,True,False,False,False,blocked_domains
CEG,Constellation Energy,Utilities,Electric Utilities,9,79,10,8,production_boost,12,10,0,0,0,9,9,0,0,9,True,False,False,False,blocked_domains
CPT,Camden Property Trust,Real Estate,Multi-Family Residential REITs,9,11,10,9,production_boost,13,10,0,0,0,9,9,0,0,9,True,False,False,False,blocked_domains
CRWD,CrowdStrike,Information Technology,Systems Software,9,44,10,9,production_boost,15,12,0,0,0,9,9,0,0,9,True,False,False,False,blocked_domains
EXC,Exelon,Utilities,Electric Utilities,9,11,10,10,production_boost,12,9,0,0,0,9,9,0,0,9,True,False,False,False,none
EXPE,Expedia Group,Consumer Discretionary,"Hotels, Resorts & Cruise Lines",9,19,10,10,production_boost,15,10,0,0,0,10,10,0,0,9,True,False,False,False,none
F,Ford Motor Company,Consumer Discretionary,Automobile Manufacturers,9,137,10,9,production_boost,13,12,0,0,0,9,9,0,0,9,True,False,False,False,blocked_domains
INTC,Intel,Information Technology,Semiconductors,9,250,10,10,production_boost,12,12,0,0,0,9,9,0,0,9,True,False,False,False,none
KEY,KeyCorp,Financials,Regional Banks,9,14,10,8,production_boost,13,13,0,0,0,9,9,0,0,9,True,False,False,False,blocked_domains
MRSH,Marsh McLennan,Financials,Insurance Brokers,9,5,5,5,production_boost,15,15,0,0,0,9,9,0,0,9,True,False,False,False,none
TKO,TKO Group Holdings,Communication Services,Movies & Entertainment,9,6,6,6,production_boost,12,12,0,0,0,9,9,0,0,9,True,False,False,False,none
TSLA,"Tesla, Inc.",Consumer Discretionary,Automobile Manufacturers,9,229,10,9,production_boost,13,13,0,0,0,9,9,0,0,9,True,False,False,False,blocked_domains
AMP,Ameriprise Financial,Financials,Asset Management & Custody Banks,8,10,10,8,production_boost,13,12,0,0,0,8,8,0,0,8,True,False,False,False,blocked_domains
ANET,Arista Networks,Information Technology,Communications Equipment,8,41,10,9,production_boost,13,9,0,0,0,8,8,0,0,8,True,False,False,False,blocked_domains
APA,APA Corporation,Energy,Oil & Gas Exploration & Production,8,13,10,9,production_boost,13,13,0,0,0,8,8,0,0,8,True,False,False,False,blocked_domains
AVGO,Broadcom,Information Technology,Semiconductors,8,169,10,8,production_boost,11,10,0,0,0,9,9,0,0,8,True,False,False,False,blocked_domains
AXON,Axon Enterprise,Industrials,Aerospace & Defense,8,12,10,9,production_boost,13,10,0,0,0,8,8,0,0,8,True,False,False,False,blocked_domains
BA,Boeing,Industrials,Aerospace & Defense,8,231,10,9,production_boost,11,8,0,0,0,8,8,0,0,8,True,False,False,False,blocked_domains
BAC,Bank of America,Financials,Diversified Banks,8,101,10,10,production_boost,12,12,0,0,0,9,9,0,0,8,True,False,False,False,none
BIIB,Biogen,Health Care,Biotechnology,8,45,10,9,production_boost,14,12,0,0,0,8,8,0,0,8,True,False,False,False,blocked_domains
CAT,Caterpillar Inc.,Industrials,Construction Machinery & Heavy Transportation Equipment,8,55,10,7,production_boost,12,12,0,0,0,8,8,0,0,8,True,False,False,False,blocked_domains
CBOE,Cboe Global Markets,Financials,Financial Exchanges & Data,8,42,9,9,production_boost,12,9,0,0,0,8,8,0,0,8,True,False,False,False,none
CBRE,CBRE Group,Real Estate,Real Estate Services,8,7,7,6,production_boost,15,14,0,0,0,8,8,0,0,8,True,False,False,False,blocked_domains
CME,CME Group,Financials,Financial Exchanges & Data,8,56,10,10,production_boost,15,15,0,0,0,8,8,0,0,8,True,False,False,False,none
COST,Costco,Consumer Staples,Consumer Staples Merchandise Retail,8,58,10,5,production_boost,14,13,0,0,0,9,9,0,0,8,True,False,False,False,blocked_domains
CPAY,Corpay,Financials,Transaction & Payment Processing Services,8,10,10,7,production_boost,13,12,0,0,0,8,8,0,0,8,True,False,False,False,blocked_domains
CRL,Charles River Laboratories,Health Care,Life Sciences Tools & Services,8,10,10,9,production_boost,13,10,0,0,0,8,8,0,0,8,True,False,False,False,blocked_domains
DE,Deere & Company,Industrials,Agricultural & Farm Machinery,8,23,10,7,production_boost,14,9,0,0,0,8,8,0,0,8,True,False,False,False,blocked_domains
DG,Dollar General,Consumer Staples,Consumer Staples Merchandise Retail,8,20,10,8,production_boost,13,5,0,0,0,8,8,0,0,8,True,False,False,False,blocked_domains
DOV,Dover Corporation,Industrials,Industrial Machinery & Supplies & Components,8,2,2,2,production_boost,12,10,0,0,0,8,8,0,0,8,True,False,False,False,none
ED,Consolidated Edison,Utilities,Multi-Utilities,8,9,9,8,production_boost,14,13,0,0,0,9,9,0,0,8,True,False,False,False,blocked_domains
EW,Edwards Lifesciences,Health Care,Health Care Equipment,8,6,6,4,production_boost,11,8,0,0,0,8,8,0,0,8,True,False,False,False,blocked_domains
FDS,FactSet,Financials,Financial Exchanges & Data,8,55,10,9,production_boost,14,11,0,0,0,7,7,0,0,8,True,False,False,False,blocked_domains
GD,General Dynamics,Industrials,Aerospace & Defense,8,15,10,10,production_boost,13,11,0,0,0,8,8,0,0,8,True,False,False,False,none
IRM,Iron Mountain,Real Estate,Other Specialized REITs,8,10,10,6,production_boost,10,7,0,0,0,8,8,0,0,8,True,False,False,False,blocked_domains
META,Meta Platforms,Communication Services,Interactive Media & Services,8,245,10,9,production_boost,13,13,0,0,0,8,8,0,0,8,True,False,False,False,blocked_domains
MU,Micron Technology,Information Technology,Semiconductors,8,239,10,9,production_boost,14,14,0,0,0,8,8,0,0,8,True,False,False,False,blocked_domains
NWSA,News Corp,Communication Services,Publishing,8,15,10,10,production_boost,9,7,0,0,0,8,8,0,0,8,True,False,False,False,none
PG,Procter & Gamble,Consumer Staples,Personal Care Products,8,38,10,10,production_boost,15,15,0,0,0,8,8,0,0,8,True,False,False,False,none
TFC,Truist Financial,Financials,Diversified Banks,8,33,10,10,production_boost,15,12,0,0,0,8,8,0,0,8,True,False,False,False,none
TTD,Trade Desk (The),Communication Services,Advertising,8,43,10,10,production_boost,15,15,0,0,0,8,8,0,0,8,True,False,False,False,none
VRT,Vertiv,Industrials,Electrical Components & Equipment,8,66,10,9,production_boost,14,14,0,0,0,8,8,0,0,8,True,False,False,False,blocked_domains
VST,Vistra Corp,Utilities,Electric Utilities,8,25,10,9,production_boost,14,11,0,0,0,8,8,0,0,8,True,False,False,False,blocked_domains
WFC,Wells Fargo,Financials,Diversified Banks,8,44,10,9,production_boost,13,13,0,0,0,8,8,0,0,8,True,False,False,False,blocked_domains
ADSK,Autodesk,Information Technology,Application Software,7,23,10,8,production_boost,14,13,0,0,0,9,9,0,0,7,True,False,False,False,blocked_domains
AEP,American Electric Power,Utilities,Electric Utilities,7,28,10,10,production_boost,15,14,0,0,0,7,7,0,0,7,True,False,False,False,none
AMGN,Amgen,Health Care,Biotechnology,7,24,10,10,production_boost,14,13,0,0,0,7,7,0,0,7,True,False,False,False,none
APP,AppLovin,Information Technology,Application Software,7,44,8,7,production_boost,14,14,0,0,0,7,7,0,0,7,True,False,False,False,blocked_domains
AZO,AutoZone,Consumer Discretionary,Automotive Retail,7,5,5,5,production_boost,15,13,0,0,0,7,7,0,0,7,True,False,False,False,none
BDX,Becton Dickinson,Health Care,Health Care Equipment,7,10,10,8,production_boost,14,8,0,0,0,8,8,0,0,7,True,False,False,False,blocked_domains
BRK.B,Berkshire Hathaway,Financials,Multi-Sector Holdings,7,10,10,6,production_boost,10,7,0,0,0,7,7,0,0,7,True,False,False,False,blocked_domains
BX,Blackstone Inc.,Financials,Asset Management & Custody Banks,7,78,10,9,production_boost,13,9,0,0,0,7,7,0,0,7,True,False,False,False,blocked_domains
BXP,"BXP, Inc.",Real Estate,Office REITs,7,3,3,3,production_boost,10,9,0,0,0,7,7,0,0,7,True,False,False,False,none
CCI,Crown Castle,Real Estate,Telecom Tower REITs,7,5,5,2,production_boost,14,12,0,0,0,7,7,0,0,7,True,False,False,False,blocked_domains
CF,CF Industries,Materials,Fertilizers & Agricultural Chemicals,7,23,10,10,production_boost,12,10,0,0,0,7,7,0,0,7,True,False,False,False,none
CHRW,C.H. Robinson,Industrials,Air Freight & Logistics,7,17,10,10,production_boost,13,10,0,0,0,7,7,0,0,7,True,False,False,False,none
CL,Colgate-Palmolive,Consumer Staples,Household Products,7,31,10,10,production_boost,14,14,0,0,0,7,7,0,0,7,True,False,False,False,none
CMI,Cummins,Industrials,Construction Machinery & Heavy Transportation Equipment,7,18,10,8,production_boost,14,12,0,0,0,7,7,0,0,7,True,False,False,False,blocked_domains
CMS,CMS Energy,Utilities,Multi-Utilities,7,9,9,9,production_boost,13,12,0,0,0,7,7,0,0,7,True,False,False,False,none
COF,Capital One,Financials,Consumer Finance,7,23,10,9,production_boost,14,12,0,0,0,7,7,0,0,7,True,False,False,False,blocked_domains
CPB,Campbell's Company (The),Consumer Staples,Packaged Foods & Meats,7,5,5,5,production_boost,14,14,0,0,0,7,7,0,0,7,True,False,False,False,none
DASH,DoorDash,Consumer Discretionary,Specialized Consumer Services,7,29,10,10,production_boost,13,12,0,0,0,7,7,0,0,7,True,False,False,False,none
DECK,Deckers Brands,Consumer Discretionary,Footwear,7,9,9,8,production_boost,12,10,0,0,0,7,7,0,0,7,True,False,False,False,blocked_domains
DHI,D. R. Horton,Consumer Discretionary,Homebuilding,7,7,7,7,production_boost,14,12,0,0,0,7,7,0,0,7,True,False,False,False,none
DLR,Digital Realty,Real Estate,Data Center REITs,7,18,10,8,production_boost,12,10,0,0,0,7,7,0,0,7,True,False,False,False,blocked_domains
DOC,Healthpeak Properties,Real Estate,Health Care REITs,7,14,10,5,production_boost,12,10,0,0,0,7,7,0,0,7,True,False,False,False,blocked_domains
DPZ,Domino's,Consumer Discretionary,Restaurants,7,27,9,8,production_boost,9,9,0,0,0,7,7,0,0,7,True,False,False,False,blocked_domains
DVN,Devon Energy,Energy,Oil & Gas Exploration & Production,7,28,10,9,production_boost,12,12,0,0,0,7,7,0,0,7,True,False,False,False,blocked_domains
DXCM,Dexcom,Health Care,Health Care Equipment,7,36,10,10,production_boost,11,7,0,0,0,7,7,0,0,7,True,False,False,False,none
EQR,Equity Residential,Real Estate,Multi-Family Residential REITs,7,5,5,3,production_boost,13,11,0,0,0,7,7,0,0,7,True,False,False,False,blocked_domains
EXPD,Expeditors International,Industrials,Air Freight & Logistics,7,11,10,7,production_boost,14,10,0,0,0,7,7,0,0,7,True,False,False,False,blocked_domains
FIS,Fidelity National Information Services,Financials,Transaction & Payment Processing Services,7,17,10,9,production_boost,15,12,0,0,0,7,7,0,0,7,True,False,False,False,blocked_domains
FIX,Comfort Systems USA,Industrials,Construction & Engineering,7,19,10,7,production_boost,12,12,0,0,0,7,7,0,0,7,True,False,False,False,blocked_domains
FTV,Fortive,Industrials,Industrial Machinery & Supplies & Components,7,10,10,9,production_boost,12,11,0,0,0,7,7,0,0,7,True,False,False,False,blocked_domains
GEN,Gen Digital,Information Technology,Systems Software,7,5,5,5,production_boost,13,10,0,0,0,7,7,0,0,7,True,False,False,False,none
GLW,Corning Inc.,Information Technology,Electronic Components,7,62,10,8,production_boost,13,11,0,0,0,7,7,0,0,7,True,False,False,False,blocked_domains
HOOD,Robinhood Markets,Financials,Investment Banking & Brokerage,7,62,10,7,production_boost,13,13,0,0,0,7,7,0,0,7,True,False,False,False,blocked_domains
IVZ,Invesco,Financials,Asset Management & Custody Banks,7,16,10,10,production_boost,14,11,0,0,0,7,7,0,0,7,True,False,False,False,none
JKHY,Jack Henry & Associates,Financials,Transaction & Payment Processing Services,7,9,9,9,production_boost,14,12,0,0,0,7,7,0,0,7,True,False,False,False,none
KEYS,Keysight Technologies,Information Technology,Electronic Equipment & Instruments,7,26,10,9,production_boost,13,11,0,0,0,7,7,0,0,7,True,False,False,False,blocked_domains
LLY,Lilly (Eli),Health Care,Pharmaceuticals,7,95,10,9,production_boost,13,12,0,0,0,7,7,0,0,7,True,False,False,False,blocked_domains
MAR,Marriott International,Consumer Discretionary,"Hotels, Resorts & Cruise Lines",7,17,10,10,production_boost,14,12,0,0,0,7,7,0,0,7,True,False,False,False,none
MOS,Mosaic Company (The),Materials,Fertilizers & Agricultural Chemicals,7,58,10,8,production_boost,14,10,0,0,0,7,7,0,0,7,True,False,False,False,blocked_domains
MSFT,Microsoft,Information Technology,Systems Software,7,246,10,8,production_boost,13,11,0,0,0,7,7,0,0,7,True,False,False,False,blocked_domains
NFLX,Netflix,Communication Services,Movies & Entertainment,7,85,10,10,production_boost,13,13,0,0,0,7,7,0,0,7,True,False,False,False,none
SMCI,Supermicro,Information Technology,"Technology Hardware, Storage & Peripherals",7,57,10,9,production_boost,12,8,0,0,0,7,7,0,0,7,True,False,False,False,blocked_domains
TJX,TJX Companies,Consumer Discretionary,Apparel Retail,7,21,10,9,production_boost,15,15,0,0,0,7,7,0,0,7,True,False,False,False,blocked_domains
TMUS,T-Mobile US,Communication Services,Wireless Telecommunication Services,7,45,10,10,production_boost,13,9,0,0,0,7,7,0,0,7,True,False,False,False,none
ULTA,Ulta Beauty,Consumer Discretionary,Other Specialty Retail,7,18,10,10,production_boost,14,11,0,0,0,7,7,0,0,7,True,False,False,False,none
UNH,UnitedHealth Group,Health Care,Managed Health Care,7,57,10,9,production_boost,14,12,0,0,0,7,7,0,0,7,True,False,False,False,blocked_domains
USB,U.S. Bancorp,Financials,Diversified Banks,7,7,7,7,production_boost,15,8,0,0,0,7,7,0,0,7,True,False,False,False,none
WAB,Wabtec,Industrials,Construction Machinery & Heavy Transportation Equipment,7,7,7,7,production_boost,12,12,0,0,0,7,7,0,0,7,True,False,False,False,none
WBD,Warner Bros. Discovery,Communication Services,Broadcasting,7,24,10,9,production_boost,13,13,0,0,0,7,7,0,0,7,True,False,False,False,blocked_domains
WM,Waste Management,Industrials,Environmental & Facilities Services,7,10,10,8,production_boost,13,11,0,0,0,7,7,0,0,7,True,False,False,False,none
AJG,Arthur J. Gallagher & Co.,Financials,Insurance Brokers,6,8,8,8,production_boost,13,12,0,0,0,9,9,0,0,6,True,False,False,False,none
APTV,Aptiv,Consumer Discretionary,Automotive Parts & Equipment,6,12,10,10,production_boost,12,9,0,0,0,6,6,0,0,6,True,False,False,False,none
ATO,Atmos Energy,Utilities,Gas Utilities,6,11,10,8,production_boost,13,11,0,0,0,6,6,0,0,6,True,False,False,False,blocked_domains
BBY,Best Buy,Consumer Discretionary,Computer & Electronics Retail,6,18,10,8,production_boost,14,13,0,0,0,6,6,0,0,6,True,False,False,False,blocked_domains
BKR,Baker Hughes,Energy,Oil & Gas Equipment & Services,6,10,10,10,production_boost,14,12,0,0,0,6,6,0,0,6,True,False,False,False,none
BMY,Bristol Myers Squibb,Health Care,Pharmaceuticals,6,43,10,8,production_boost,12,11,0,0,0,6,6,0,0,6,True,False,False,False,blocked_domains
BSX,Boston Scientific,Health Care,Health Care Equipment,6,21,9,8,production_boost,13,9,0,0,0,6,6,0,0,6,True,False,False,False,blocked_domains
CDNS,Cadence Design Systems,Information Technology,Application Software,6,10,10,10,production_boost,13,11,0,0,0,6,6,0,0,6,True,False,False,False,none
CDW,CDW Corporation,Information Technology,Technology Distributors,6,7,7,6,production_boost,14,11,0,0,0,6,6,0,0,6,True,False,False,False,blocked_domains
CLX,Clorox,Consumer Staples,Household Products,6,12,10,10,production_boost,15,12,0,0,0,6,6,0,0,6,True,False,False,False,none
CMCSA,Comcast,Communication Services,Cable & Satellite,6,43,10,10,production_boost,12,12,0,0,0,6,6,0,0,6,True,False,False,False,none
CMG,Chipotle Mexican Grill,Consumer Discretionary,Restaurants,6,21,9,7,production_boost,13,11,0,0,0,6,6,0,0,6,True,False,False,False,blocked_domains
CSX,CSX Corporation,Industrials,Rail Transportation,6,10,10,9,production_boost,13,8,0,0,0,6,6,0,0,6,True,False,False,False,blocked_domains
CTVA,Corteva,Materials,Fertilizers & Agricultural Chemicals,6,10,10,9,production_boost,14,12,0,0,0,6,6,0,0,6,True,False,False,False,blocked_domains
DAL,Delta Air Lines,Industrials,Passenger Airlines,6,61,10,9,production_boost,13,12,0,0,0,6,6,0,0,6,True,False,False,False,blocked_domains
DD,DuPont,Materials,Specialty Chemicals,6,11,10,10,production_boost,12,9,0,0,0,7,7,0,0,6,True,False,False,False,none
DLTR,Dollar Tree,Consumer Staples,Consumer Staples Merchandise Retail,6,16,10,8,production_boost,13,9,0,0,0,6,6,0,0,6,True,False,False,False,blocked_domains
EA,Electronic Arts,Communication Services,Interactive Home Entertainment,6,5,5,4,production_boost,15,15,0,0,0,6,6,0,0,6,True,False,False,False,blocked_domains
EBAY,eBay Inc.,Consumer Discretionary,Broadline Retail,6,97,10,10,production_boost,14,11,0,0,0,6,6,0,0,6,True,False,False,False,none
EPAM,EPAM Systems,Information Technology,IT Consulting & Other Services,6,10,10,8,production_boost,14,10,0,0,0,6,6,0,0,6,True,False,False,False,blocked_domains
FCX,Freeport-McMoRan,Materials,Copper,6,40,10,9,production_boost,13,13,0,0,0,6,6,0,0,6,True,False,False,False,blocked_domains
FFIV,"F5, Inc.",Information Technology,Communications Equipment,6,5,5,5,production_boost,12,10,0,0,0,6,6,0,0,6,True,False,False,False,none
FISV,Fiserv,Financials,Transaction & Payment Processing Services,6,30,10,8,production_boost,14,14,0,0,0,6,6,0,0,6,True,False,False,False,blocked_domains
GEHC,GE HealthCare,Health Care,Health Care Equipment,6,17,10,8,production_boost,15,12,0,0,0,6,6,0,0,6,True,False,False,False,blocked_domains
GIS,General Mills,Consumer Staples,Packaged Foods & Meats,6,15,10,9,production_boost,12,9,0,0,0,6,6,0,0,6,True,False,False,False,blocked_domains
HD,Home Depot (The),Consumer Discretionary,Home Improvement Retail,6,63,10,7,production_boost,13,12,0,0,0,6,6,0,0,6,True,False,False,False,blocked_domains
HIG,Hartford (The),Financials,Property & Casualty Insurance,6,7,7,6,production_boost,14,13,0,0,0,6,6,0,0,6,True,False,False,False,blocked_domains
HON,Honeywell,Industrials,Industrial Conglomerates,6,17,10,9,production_boost,13,11,0,0,0,6,6,0,0,6,True,False,False,False,blocked_domains
HPE,Hewlett Packard Enterprise,Information Technology,"Technology Hardware, Storage & Peripherals",6,42,10,10,production_boost,14,12,0,0,0,6,6,0,0,6,True,False,False,False,none
INVH,Invitation Homes,Real Estate,Single-Family Residential REITs,6,4,4,2,production_boost,15,13,0,0,0,6,6,0,0,6,True,False,False,False,blocked_domains
LMT,Lockheed Martin,Industrials,Aerospace & Defense,6,53,10,10,production_boost,13,12,0,0,0,6,6,0,0,6,True,False,False,False,none
MKC,McCormick & Company,Consumer Staples,Packaged Foods & Meats,6,9,9,9,production_boost,14,12,0,0,0,6,6,0,0,6,True,False,False,False,none
NWS,News Corp,Communication Services,Publishing,6,10,10,10,production_boost,8,6,0,0,0,6,6,0,0,6,True,False,False,False,none
OXY,Occidental Petroleum,Energy,Oil & Gas Exploration & Production,6,27,9,7,production_boost,14,12,0,0,0,6,6,0,0,6,True,False,False,False,blocked_domains
PTC,PTC Inc.,Information Technology,Application Software,6,10,10,10,production_boost,13,10,0,0,0,6,6,0,0,6,True,False,False,False,none
SO,Southern Company,Utilities,Electric Utilities,6,9,9,9,production_boost,12,10,0,0,0,6,6,0,0,6,True,False,False,False,none
STT,State Street Corporation,Financials,Asset Management & Custody Banks,6,15,10,10,production_boost,13,12,0,0,0,6,6,0,0,6,True,False,False,False,none
SYY,Sysco,Consumer Staples,Food Distributors,6,8,8,8,production_boost,15,15,0,0,0,6,6,0,0,6,True,False,False,False,none
TROW,T. Rowe Price,Financials,Asset Management & Custody Banks,6,17,8,8,production_boost,14,13,0,0,0,6,6,0,0,6,True,False,False,False,none
TSN,Tyson Foods,Consumer Staples,Packaged Foods & Meats,6,22,10,10,production_boost,15,13,0,0,0,6,6,0,0,6,True,False,False,False,none
TXT,Textron,Industrials,Aerospace & Defense,6,13,10,10,production_boost,12,11,0,0,0,6,6,0,0,6,True,False,False,False,none
VLO,Valero Energy,Energy,Oil & Gas Refining & Marketing,6,18,10,9,production_boost,13,9,0,0,0,6,6,0,0,6,True,False,False,False,blocked_domains
WAT,Waters Corporation,Health Care,Life Sciences Tools & Services,6,8,8,7,production_boost,14,11,0,0,0,6,6,0,0,6,True,False,False,False,blocked_domains
WDAY,"Workday, Inc.",Information Technology,Application Software,6,34,10,10,production_boost,13,13,0,0,0,6,6,0,0,6,True,False,False,False,none
WELL,Welltower,Real Estate,Health Care REITs,6,7,7,3,production_boost,15,12,0,0,0,6,6,0,0,6,True,False,False,False,blocked_domains
XOM,ExxonMobil,Energy,Integrated Oil & Gas,6,92,10,8,production_boost,10,9,0,0,0,6,6,0,0,6,True,False,False,False,blocked_domains
ACGL,Arch Capital Group,Financials,Property & Casualty Insurance,5,6,6,6,production_boost,15,14,0,0,0,6,6,0,0,5,True,False,False,False,none
ADI,Analog Devices,Information Technology,Semiconductors,5,35,10,10,production_boost,14,11,0,0,0,5,5,0,0,5,True,False,False,False,none
ADP,Automatic Data Processing,Industrials,Human Resource & Employment Services,5,3,3,2,production_boost,14,11,0,0,0,6,6,0,0,5,True,False,False,False,blocked_domains
AME,Ametek,Industrials,Electrical Components & Equipment,5,5,5,4,production_boost,13,12,0,0,0,5,5,0,0,5,True,False,False,False,blocked_domains
AMT,American Tower,Real Estate,Telecom Tower REITs,5,12,10,6,production_boost,14,12,0,0,0,5,5,0,0,5,True,False,False,False,blocked_domains
ARE,Alexandria Real Estate Equities,Real Estate,Office REITs,5,5,5,2,production_boost,13,9,0,0,0,5,5,0,0,5,True,False,False,False,blocked_domains
ARES,Ares Management,Financials,Asset Management & Custody Banks,5,11,10,8,production_boost,13,13,0,0,0,5,5,0,0,5,True,False,False,False,blocked_domains
BALL,Ball Corporation,Materials,"Metal, Glass & Plastic Containers",5,5,5,4,production_boost,13,13,0,0,0,5,5,0,0,5,True,False,False,False,blocked_domains
BAX,Baxter International,Health Care,Health Care Equipment,5,6,6,5,production_boost,14,9,0,0,0,5,5,0,0,5,True,False,False,False,blocked_domains
CAG,Conagra Brands,Consumer Staples,Packaged Foods & Meats,5,4,4,3,production_boost,14,11,0,0,0,5,5,0,0,5,True,False,False,False,blocked_domains
CAH,Cardinal Health,Health Care,Health Care Distributors,5,17,9,7,production_boost,15,9,0,0,0,6,6,0,0,5,True,False,False,False,blocked_domains
CASY,Casey's,Consumer Staples,Food Retail,5,8,8,6,production_boost,14,9,0,0,0,6,6,0,0,5,True,False,False,False,blocked_domains
CB,Chubb Limited,Financials,Property & Casualty Insurance,5,14,9,7,production_boost,15,14,0,0,0,6,6,0,0,5,True,False,False,False,blocked_domains
CCL,Carnival,Consumer Discretionary,"Hotels, Resorts & Cruise Lines",5,26,10,10,production_boost,14,11,0,0,0,5,5,0,0,5,True,False,False,False,none
CIEN,Ciena,Information Technology,Communications Equipment,5,22,10,9,production_boost,12,12,0,0,0,5,5,0,0,5,True,False,False,False,blocked_domains
CNP,CenterPoint Energy,Utilities,Multi-Utilities,5,8,7,6,production_boost,15,13,0,0,0,5,5,0,0,5,True,False,False,False,blocked_domains
COHR,Coherent Corp.,Information Technology,Electronic Components,5,67,10,8,production_boost,13,13,0,0,0,5,5,0,0,5,True,False,False,False,blocked_domains
COIN,Coinbase,Financials,Financial Exchanges & Data,5,84,10,8,production_boost,12,12,0,0,0,5,5,0,0,5,True,False,False,False,blocked_domains
COP,ConocoPhillips,Energy,Oil & Gas Exploration & Production,5,37,10,9,production_boost,12,12,0,0,0,5,5,0,0,5,True,False,False,False,blocked_domains
CSCO,Cisco,Information Technology,Communications Equipment,5,240,10,9,production_boost,14,8,0,0,0,5,5,0,0,5,True,False,False,False,blocked_domains
CVNA,Carvana,Consumer Discretionary,Automotive Retail,5,20,10,8,production_boost,13,13,0,0,0,5,5,0,0,5,True,False,False,False,blocked_domains
CVX,Chevron Corporation,Energy,Integrated Oil & Gas,5,93,10,8,production_boost,10,8,0,0,0,5,5,0,0,5,True,False,False,False,blocked_domains
D,Dominion Energy,Utilities,Multi-Utilities,5,16,10,10,production_boost,15,10,0,0,0,5,5,0,0,5,True,False,False,False,none
DGX,Quest Diagnostics,Health Care,Health Care Services,5,5,5,3,production_boost,14,11,0,0,0,5,5,0,0,5,True,False,False,False,blocked_domains
EMR,Emerson Electric,Industrials,Electrical Components & Equipment,5,14,10,10,production_boost,14,11,0,0,0,4,4,0,0,5,True,False,False,False,none
EQIX,Equinix,Real Estate,Data Center REITs,5,25,10,8,production_boost,14,12,0,0,0,5,5,0,0,5,True,False,False,False,blocked_domains
ESS,Essex Property Trust,Real Estate,Multi-Family Residential REITs,5,5,5,4,production_boost,11,8,0,0,0,5,5,0,0,5,True,False,False,False,blocked_domains
ETR,Entergy,Utilities,Electric Utilities,5,5,5,5,production_boost,14,12,0,0,0,5,5,0,0,5,True,False,False,False,none
EVRG,Evergy,Utilities,Electric Utilities,5,6,6,5,production_boost,13,11,0,0,0,5,5,0,0,5,True,False,False,False,blocked_domains
EXR,Extra Space Storage,Real Estate,Self-Storage REITs,5,4,4,3,production_boost,14,10,0,0,0,5,5,0,0,5,True,False,False,False,blocked_domains
FANG,Diamondback Energy,Energy,Oil & Gas Exploration & Production,5,16,10,8,production_boost,15,12,0,0,0,5,5,0,0,5,True,False,False,False,blocked_domains
FDX,FedEx,Industrials,Air Freight & Logistics,5,51,10,8,production_boost,13,11,0,0,0,5,5,0,0,5,True,False,False,False,blocked_domains
FTNT,Fortinet,Information Technology,Systems Software,5,27,10,9,production_boost,15,11,0,0,0,5,5,0,0,5,True,False,False,False,blocked_domains
GS,Goldman Sachs,Financials,Investment Banking & Brokerage,5,138,10,9,production_boost,13,13,0,0,0,5,5,0,0,5,True,False,False,False,blocked_domains
HAS,Hasbro,Consumer Discretionary,Leisure Products,5,13,10,10,production_boost,15,14,0,0,0,5,5,0,0,5,True,False,False,False,none
HPQ,HP Inc.,Information Technology,"Technology Hardware, Storage & Peripherals",5,8,8,8,production_boost,14,11,0,0,0,5,5,0,0,5,True,False,False,False,none
IBM,IBM,Information Technology,IT Consulting & Other Services,5,56,10,10,production_boost,15,14,0,0,0,5,5,0,0,5,True,False,False,False,none
IDXX,Idexx Laboratories,Health Care,Health Care Equipment,5,10,10,9,production_boost,15,14,0,0,0,5,5,0,0,5,True,False,False,False,blocked_domains
IFF,International Flavors & Fragrances,Materials,Specialty Chemicals,5,6,6,6,production_boost,13,10,0,0,0,5,5,0,0,5,True,False,False,False,none
IT,Gartner,Information Technology,IT Consulting & Other Services,5,28,10,9,production_boost,13,12,0,0,0,5,5,0,0,5,True,False,False,False,blocked_domains
ITW,Illinois Tool Works,Industrials,Industrial Machinery & Supplies & Components,5,6,6,6,production_boost,14,12,0,0,0,5,5,0,0,5,True,False,False,False,none
JCI,Johnson Controls,Industrials,Building Products,5,9,9,9,production_boost,15,12,0,0,0,5,5,0,0,5,True,False,False,False,none
JPM,JPMorgan Chase,Financials,Diversified Banks,5,188,10,8,production_boost,11,8,0,0,0,5,5,0,0,5,True,False,False,False,blocked_domains
KLAC,KLA Corporation,Information Technology,Semiconductor Materials & Equipment,5,38,10,6,production_boost,13,10,0,0,0,5,5,0,0,5,True,False,False,False,blocked_domains
KMI,Kinder Morgan,Energy,Oil & Gas Storage & Transportation,5,18,9,9,production_boost,14,11,0,0,0,5,5,0,0,5,True,False,False,False,none
KO,Coca-Cola Company (The),Consumer Staples,Soft Drinks & Non-alcoholic Beverages,5,52,10,9,production_boost,11,11,0,0,0,5,5,0,0,5,True,False,False,False,blocked_domains
LYB,LyondellBasell,Materials,Specialty Chemicals,5,9,9,6,production_boost,15,13,0,0,0,5,5,0,0,5,True,False,False,False,blocked_domains
MCD,McDonald's,Consumer Discretionary,Restaurants,5,79,9,9,production_boost,12,11,0,0,0,5,5,0,0,5,True,False,False,False,none
MCHP,Microchip Technology,Information Technology,Semiconductors,5,24,10,8,production_boost,15,15,0,0,0,5,5,0,0,5,True,False,False,False,blocked_domains
MCO,Moody's Corporation,Financials,Financial Exchanges & Data,5,13,9,8,production_boost,13,11,0,0,0,5,5,0,0,5,True,False,False,False,blocked_domains
MDT,Medtronic,Health Care,Health Care Equipment,5,32,10,8,production_boost,13,13,0,0,0,5,5,0,0,5,True,False,False,False,blocked_domains
MPC,Marathon Petroleum,Energy,Oil & Gas Refining & Marketing,5,17,10,10,production_boost,12,10,0,0,0,5,5,0,0,5,True,False,False,False,none
MSI,Motorola Solutions,Information Technology,Communications Equipment,5,16,10,10,production_boost,15,15,0,0,0,5,5,0,0,5,True,False,False,False,none
NEE,NextEra Energy,Utilities,Multi-Utilities,5,14,10,10,production_boost,13,9,0,0,0,5,5,0,0,5,True,False,False,False,none
O,Realty Income,Real Estate,Retail REITs,5,34,10,9,production_boost,14,12,0,0,0,5,5,0,0,5,True,False,False,False,blocked_domains
PM,Philip Morris International,Consumer Staples,Tobacco,5,14,10,9,production_boost,15,10,0,0,0,5,5,0,0,5,True,False,False,False,blocked_domains
STX,Seagate Technology,Information Technology,"Technology Hardware, Storage & Peripherals",5,43,10,10,production_boost,14,10,0,0,0,5,5,0,0,5,True,False,False,False,none
SWK,Stanley Black & Decker,Industrials,Industrial Machinery & Supplies & Components,5,6,6,6,production_boost,15,15,0,0,0,5,5,0,0,5,True,False,False,False,none
TRV,Travelers Companies (The),Financials,Property & Casualty Insurance,5,15,8,7,production_boost,14,14,0,0,0,5,5,0,0,5,True,False,False,False,blocked_domains
TSCO,Tractor Supply,Consumer Discretionary,Other Specialty Retail,5,7,7,7,production_boost,14,12,0,0,0,5,5,0,0,5,True,False,False,False,none
UBER,Uber,Industrials,Passenger Ground Transportation,5,97,10,10,production_boost,15,14,0,0,0,5,5,0,0,5,True,False,False,False,none
URI,United Rentals,Industrials,Trading Companies & Distributors,5,0,0,0,production_boost,14,10,0,0,0,5,5,0,0,5,True,False,False,False,low_finnhub_supply
V,Visa Inc.,Financials,Transaction & Payment Processing Services,5,101,10,9,production_boost,12,9,0,0,0,5,5,0,0,5,True,False,False,False,blocked_domains
WDC,Western Digital,Information Technology,"Technology Hardware, Storage & Peripherals",5,84,10,10,production_boost,10,8,0,0,0,5,5,0,0,5,True,False,False,False,none
WMB,Williams Companies,Energy,Oil & Gas Storage & Transportation,5,11,10,9,production_boost,15,15,0,0,0,5,5,0,0,5,True,False,False,False,blocked_domains
WMT,Walmart,Consumer Staples,Consumer Staples Merchandise Retail,5,150,10,8,production_boost,15,14,0,0,0,5,5,0,0,5,True,False,False,False,blocked_domains
WY,Weyerhaeuser,Real Estate,Timber REITs,5,6,6,5,production_boost,13,10,0,0,0,5,5,0,0,5,True,False,False,False,blocked_domains
WYNN,Wynn Resorts,Consumer Discretionary,Casinos & Gaming,5,9,9,9,production_boost,14,11,0,0,0,5,5,0,0,5,True,False,False,False,none
XEL,Xcel Energy,Utilities,Multi-Utilities,5,5,5,5,production_boost,14,13,0,0,0,5,5,0,0,5,True,False,False,False,none
XYL,Xylem Inc.,Industrials,Industrial Machinery & Supplies & Components,5,5,5,5,production_boost,11,10,0,0,0,5,5,0,0,5,True,False,False,False,none
ZBH,Zimmer Biomet,Health Care,Health Care Equipment,5,17,10,9,production_boost,12,9,0,0,0,5,5,0,0,5,True,False,False,False,blocked_domains
ZTS,Zoetis,Health Care,Pharmaceuticals,5,18,10,9,production_boost,12,10,0,0,0,5,5,0,0,5,True,False,False,False,blocked_domains
ADM,Archer Daniels Midland,Consumer Staples,Agricultural Products & Services,4,17,10,8,production_boost,13,10,0,0,0,4,4,0,0,4,True,False,False,False,blocked_domains
AMAT,Applied Materials,Information Technology,Semiconductor Materials & Equipment,4,184,10,7,production_boost,14,12,0,0,0,6,6,0,0,4,True,False,False,False,blocked_domains
APD,Air Products,Materials,Industrial Gases,4,2,2,1,production_boost,12,9,0,0,0,4,4,0,0,4,True,False,False,False,blocked_domains
AVB,AvalonBay Communities,Real Estate,Multi-Family Residential REITs,4,8,8,6,production_boost,12,9,0,0,0,4,4,0,0,4,True,False,False,False,blocked_domains
BG,Bunge Global,Consumer Staples,Agricultural Products & Services,4,6,6,4,production_boost,7,4,0,0,0,4,4,0,0,4,True,False,False,False,blocked_domains
CFG,Citizens Financial Group,Financials,Regional Banks,4,6,6,6,production_boost,12,9,0,0,0,5,5,0,0,4,True,False,False,False,none
CHTR,Charter Communications,Communication Services,Cable & Satellite,4,28,9,8,production_boost,14,11,0,0,0,4,4,0,0,4,True,False,False,False,blocked_domains
CTAS,Cintas,Industrials,Diversified Support Services,4,3,3,3,production_boost,13,9,0,0,0,4,4,0,0,4,True,False,False,False,none
DDOG,Datadog,Information Technology,Application Software,4,38,10,6,production_boost,15,15,0,0,0,4,4,0,0,4,True,False,False,False,blocked_domains
DHR,Danaher Corporation,Health Care,Life Sciences Tools & Services,4,19,10,10,production_boost,14,14,0,0,0,3,3,0,0,4,True,False,False,False,none
DIS,Walt Disney Company (The),Communication Services,Movies & Entertainment,4,78,10,8,production_boost,15,14,0,0,0,4,4,0,0,4,True,False,False,False,blocked_domains
DVA,DaVita,Health Care,Health Care Services,4,17,9,7,production_boost,14,11,0,0,0,4,4,0,0,4,True,False,False,False,blocked_domains
ECL,Ecolab,Materials,Specialty Chemicals,4,9,9,8,production_boost,14,13,0,0,0,4,4,0,0,4,True,False,False,False,blocked_domains
EL,Estée Lauder Companies (The),Consumer Staples,Personal Care Products,4,14,10,9,production_boost,14,14,0,0,0,4,4,0,0,4,True,False,False,False,blocked_domains
ELV,Elevance Health,Health Care,Managed Health Care,4,6,6,5,production_boost,13,10,0,0,0,4,4,0,0,4,True,False,False,False,blocked_domains
FAST,Fastenal,Industrials,Trading Companies & Distributors,4,6,6,5,production_boost,13,10,0,0,0,4,4,0,0,4,True,False,False,False,blocked_domains
FE,FirstEnergy,Utilities,Electric Utilities,4,6,6,5,production_boost,12,9,0,0,0,4,4,0,0,4,True,False,False,False,blocked_domains
FICO,Fair Isaac,Information Technology,Application Software,4,16,10,9,production_boost,12,5,0,0,0,4,4,0,0,4,True,False,False,False,blocked_domains
FITB,Fifth Third Bancorp,Financials,Regional Banks,4,4,4,4,production_boost,15,12,0,0,0,5,5,0,0,4,True,False,False,False,none
FSLR,First Solar,Information Technology,Semiconductors,4,22,10,9,production_boost,13,11,0,0,0,4,4,0,0,4,True,False,False,False,blocked_domains
GEV,GE Vernova,Industrials,Heavy Electrical Equipment,4,46,10,10,production_boost,13,13,0,0,0,4,4,0,0,4,True,False,False,False,none
GILD,Gilead Sciences,Health Care,Biotechnology,4,20,10,10,production_boost,14,12,0,0,0,4,4,0,0,4,True,False,False,False,none
GL,Globe Life,Financials,Life & Health Insurance,4,4,4,4,production_boost,10,8,0,0,0,4,4,0,0,4,True,False,False,False,none
GM,General Motors,Consumer Discretionary,Automobile Manufacturers,4,71,10,10,production_boost,14,13,0,0,0,4,4,0,0,4,True,False,False,False,none
GPC,Genuine Parts Company,Consumer Discretionary,Distributors,4,6,6,5,production_boost,14,11,0,0,0,3,3,0,0,4,True,False,False,False,blocked_domains
GPN,Global Payments,Financials,Transaction & Payment Processing Services,4,19,10,10,production_boost,14,13,0,0,0,4,4,0,0,4,True,False,False,False,none
HAL,Halliburton,Energy,Oil & Gas Equipment & Services,4,30,10,10,production_boost,14,11,0,0,0,4,4,0,0,4,True,False,False,False,none
HLT,Hilton Worldwide,Consumer Discretionary,"Hotels, Resorts & Cruise Lines",4,9,9,7,production_boost,15,14,0,0,0,4,4,0,0,4,True,False,False,False,blocked_domains
HRL,Hormel Foods,Consumer Staples,Packaged Foods & Meats,4,16,10,8,production_boost,13,7,0,0,0,4,4,0,0,4,True,False,False,False,blocked_domains
HUM,Humana,Health Care,Managed Health Care,4,18,10,9,production_boost,11,8,0,0,0,4,4,0,0,4,True,False,False,False,blocked_domains
HWM,Howmet Aerospace,Industrials,Aerospace & Defense,4,17,10,8,production_boost,14,11,0,0,0,4,4,0,0,4,True,False,False,False,blocked_domains
IBKR,Interactive Brokers,Financials,Investment Banking & Brokerage,4,19,10,9,production_boost,14,13,0,0,0,4,4,0,0,4,True,False,False,False,blocked_domains
ICE,Intercontinental Exchange,Financials,Financial Exchanges & Data,4,28,10,10,production_boost,15,13,0,0,0,4,4,0,0,4,True,False,False,False,none
INTU,Intuit,Information Technology,Application Software,4,33,10,9,production_boost,15,12,0,0,0,4,4,0,0,4,True,False,False,False,blocked_domains
KHC,Kraft Heinz,Consumer Staples,Packaged Foods & Meats,4,22,9,9,production_boost,13,12,0,0,0,4,4,0,0,4,True,False,False,False,none
LEN,Lennar,Consumer Discretionary,Homebuilding,4,9,8,7,production_boost,13,10,0,0,0,4,4,0,0,4,True,False,False,False,blocked_domains
LOW,Lowe's,Consumer Discretionary,Home Improvement Retail,4,46,10,7,production_boost,10,10,0,0,0,4,4,0,0,4,True,False,False,False,blocked_domains
LRCX,Lam Research,Information Technology,Semiconductor Materials & Equipment,4,50,10,9,production_boost,15,11,0,0,0,4,4,0,0,4,True,False,False,False,blocked_domains
MAA,Mid-America Apartment Communities,Real Estate,Multi-Family Residential REITs,4,9,9,6,production_boost,13,11,0,0,0,4,4,0,0,4,True,False,False,False,blocked_domains
MAS,Masco,Industrials,Building Products,4,12,10,7,production_boost,15,10,0,0,0,4,4,0,0,4,True,False,False,False,blocked_domains
MET,MetLife,Financials,Life & Health Insurance,4,15,10,10,production_boost,13,11,0,0,0,4,4,0,0,4,True,False,False,False,none
MRNA,Moderna,Health Care,Biotechnology,4,71,10,10,production_boost,13,10,0,0,0,4,4,0,0,4,True,False,False,False,none
MS,Morgan Stanley,Financials,Investment Banking & Brokerage,4,89,10,7,production_boost,14,13,0,0,0,4,4,0,0,4,True,False,False,False,blocked_domains
NKE,"Nike, Inc.",Consumer Discretionary,"Apparel, Accessories & Luxury Goods",4,53,10,10,production_boost,12,11,0,0,0,4,4,0,0,4,True,False,False,False,none
NTRS,Northern Trust,Financials,Asset Management & Custody Banks,4,5,5,5,production_boost,12,12,0,0,0,4,4,0,0,4,True,False,False,False,none
NVR,"NVR, Inc.",Consumer Discretionary,Homebuilding,4,3,3,3,production_boost,9,6,0,0,0,4,4,0,0,4,True,False,False,False,none
ODFL,Old Dominion,Industrials,Cargo Ground Transportation,4,6,6,5,production_boost,15,12,0,0,0,4,4,0,0,4,True,False,False,False,blocked_domains
PLTR,Palantir Technologies,Information Technology,Application Software,4,125,10,8,production_boost,13,13,0,0,0,4,4,0,0,4,True,False,False,False,blocked_domains
SJM,J.M. Smucker Company (The),Consumer Staples,Packaged Foods & Meats,4,10,10,9,production_boost,14,12,0,0,0,4,4,0,0,4,True,False,False,False,blocked_domains
SNDK,Sandisk,Information Technology,"Technology Hardware, Storage & Peripherals",4,151,10,10,production_boost,12,8,0,0,0,4,4,0,0,4,True,False,False,False,none
SPG,Simon Property Group,Real Estate,Retail REITs,4,32,10,7,production_boost,13,12,0,0,0,4,4,0,0,4,True,False,False,False,blocked_domains
STE,Steris,Health Care,Health Care Equipment,4,27,10,10,production_boost,12,8,0,0,0,4,4,0,0,4,True,False,False,False,none
SW,Smurfit Westrock,Materials,Paper & Plastic Packaging Products & Materials,4,6,6,4,production_boost,10,7,0,0,0,4,4,0,0,4,True,False,False,False,blocked_domains
SYK,Stryker Corporation,Health Care,Health Care Equipment,4,22,10,9,production_boost,13,10,0,0,0,4,4,0,0,4,True,False,False,False,blocked_domains
TEL,TE Connectivity,Information Technology,Electronic Manufacturing Services,4,8,7,6,production_boost,11,9,0,0,0,4,4,0,0,4,True,False,False,False,blocked_domains
TEST,,,,4,0,0,0,production_boost,15,13,0,0,0,4,4,0,0,4,True,False,False,False,low_finnhub_supply
TPR,"Tapestry, Inc.",Consumer Discretionary,"Apparel, Accessories & Luxury Goods",4,20,10,10,production_boost,11,9,0,0,0,4,4,0,0,4,True,False,False,False,none
TRMB,Trimble Inc.,Information Technology,Electronic Equipment & Instruments,4,5,5,5,production_boost,15,11,0,0,0,4,4,0,0,4,True,False,False,False,none
TTWO,Take-Two Interactive,Communication Services,Interactive Home Entertainment,4,23,10,9,production_boost,14,13,0,0,0,4,4,0,0,4,True,False,False,False,blocked_domains
TXN,Texas Instruments,Information Technology,Semiconductors,4,38,10,8,production_boost,10,8,0,0,0,4,4,0,0,4,True,False,False,False,blocked_domains
UAL,United Airlines Holdings,Industrials,Passenger Airlines,4,43,10,10,production_boost,12,11,0,0,0,4,4,0,0,4,True,False,False,False,none
UHS,Universal Health Services,Health Care,Health Care Facilities,4,3,3,2,production_boost,15,12,0,0,0,4,4,0,0,4,True,False,False,False,blocked_domains
VMC,Vulcan Materials Company,Materials,Construction Materials,4,8,8,7,production_boost,13,10,0,0,0,4,4,0,0,4,True,False,False,False,blocked_domains
VRTX,Vertex Pharmaceuticals,Health Care,Biotechnology,4,6,6,6,production_boost,15,11,0,0,0,4,4,0,0,4,True,False,False,False,none
VTRS,Viatris,Health Care,Pharmaceuticals,4,8,8,4,production_boost,13,9,0,0,0,4,4,0,0,4,True,False,False,False,blocked_domains
WSM,"Williams-Sonoma, Inc.",Consumer Discretionary,Homefurnishing Retail,4,11,10,9,production_boost,13,12,0,0,0,4,4,0,0,4,True,False,False,False,blocked_domains
ZBRA,Zebra Technologies,Information Technology,Electronic Equipment & Instruments,4,75,10,9,production_boost,13,10,0,0,0,4,4,0,0,4,True,False,False,False,blocked_domains
AVY,Avery Dennison,Materials,Paper & Plastic Packaging Products & Materials,3,5,5,4,production_boost,13,11,0,0,0,4,4,0,0,3,True,False,False,False,blocked_domains
COO,Cooper Companies (The),Health Care,Health Care Supplies,3,6,6,6,production_boost,13,13,0,0,0,3,3,0,0,3,True,False,False,False,none
CPRT,Copart,Industrials,Diversified Support Services,3,2,2,2,production_boost,13,10,0,0,0,3,3,0,0,3,True,False,False,False,none
CRH,CRH plc,Materials,Construction Materials,3,6,6,6,production_boost,13,13,0,0,0,3,3,0,0,3,True,False,False,False,none
CTRA,Coterra,Energy,Oil & Gas Exploration & Production,3,1,1,1,production_boost,12,12,0,0,0,3,3,0,0,3,True,False,False,False,none
DRI,Darden Restaurants,Consumer Discretionary,Restaurants,3,2,2,1,production_boost,12,10,0,0,0,3,3,0,0,3,True,False,False,False,blocked_domains
DTE,DTE Energy,Utilities,Multi-Utilities,3,3,3,3,production_boost,12,10,0,0,0,3,3,0,0,3,True,False,False,False,none
EFX,Equifax,Industrials,Research & Consulting Services,3,15,10,8,production_boost,11,8,0,0,0,4,4,0,0,3,True,False,False,False,blocked_domains
EIX,Edison International,Utilities,Electric Utilities,3,4,4,4,production_boost,13,12,0,0,0,2,2,0,0,3,True,False,False,False,none
EQT,EQT Corporation,Energy,Oil & Gas Exploration & Production,3,4,4,4,production_boost,12,9,0,0,0,3,3,0,0,3,True,False,False,False,none
ERIE,Erie Indemnity,Financials,Insurance Brokers,3,1,1,1,production_boost,9,8,0,0,0,3,3,0,0,3,True,False,False,False,none
EXE,Expand Energy,Energy,Oil & Gas Exploration & Production,3,0,0,0,production_boost,14,12,0,0,0,4,4,0,0,3,True,False,False,False,low_finnhub_supply
GDDY,GoDaddy,Information Technology,Internet Services & Infrastructure,3,7,7,6,production_boost,13,10,0,0,0,3,3,0,0,3,True,False,False,False,blocked_domains
HCA,HCA Healthcare,Health Care,Health Care Facilities,3,3,3,3,production_boost,14,11,0,0,0,3,3,0,0,3,True,False,False,False,none
HST,Host Hotels & Resorts,Real Estate,Hotel & Resort REITs,3,14,10,9,production_boost,11,6,0,0,0,3,3,0,0,3,True,False,False,False,blocked_domains
J,Jacobs Solutions,Industrials,Construction & Engineering,3,11,10,9,production_boost,12,8,0,0,0,3,3,0,0,3,True,False,False,False,blocked_domains
JBL,Jabil,Information Technology,Electronic Manufacturing Services,3,9,9,7,production_boost,11,8,0,0,0,3,3,0,0,3,True,False,False,False,blocked_domains
KDP,Keurig Dr Pepper,Consumer Staples,Soft Drinks & Non-alcoholic Beverages,3,6,6,5,production_boost,9,8,0,0,0,3,3,0,0,3,True,False,False,False,blocked_domains
KIM,Kimco Realty,Real Estate,Retail REITs,3,3,3,2,production_boost,8,7,0,0,0,3,3,0,0,3,True,False,False,False,blocked_domains
KVUE,Kenvue,Consumer Staples,Personal Care Products,3,11,10,9,production_boost,11,8,0,0,0,3,3,0,0,3,True,False,False,False,blocked_domains
LDOS,Leidos,Industrials,Diversified Support Services,3,26,10,10,production_boost,13,10,0,0,0,3,3,0,0,3,True,False,False,False,none
LHX,L3Harris,Industrials,Aerospace & Defense,3,13,10,10,production_boost,15,12,0,0,0,3,3,0,0,3,True,False,False,False,none
LITE,Lumentum,Information Technology,Communications Equipment,3,89,10,8,production_boost,13,13,0,0,0,3,3,0,0,3,True,False,False,False,blocked_domains
LNT,Alliant Energy,Utilities,Electric Utilities,3,4,4,4,production_boost,12,11,0,0,0,3,3,0,0,3,True,False,False,False,none
LVS,Las Vegas Sands,Consumer Discretionary,Casinos & Gaming,3,7,7,7,production_boost,13,9,0,0,0,3,3,0,0,3,True,False,False,False,none
LYV,Live Nation Entertainment,Communication Services,Movies & Entertainment,3,9,9,8,production_boost,14,12,0,0,0,3,3,0,0,3,True,False,False,False,blocked_domains
MLM,Martin Marietta Materials,Materials,Construction Materials,3,4,4,3,production_boost,12,11,0,0,0,3,3,0,0,3,True,False,False,False,blocked_domains
NOC,Northrop Grumman,Industrials,Aerospace & Defense,3,28,10,9,production_boost,14,11,0,0,0,3,3,0,0,3,True,False,False,False,blocked_domains
NRG,NRG Energy,Utilities,Independent Power Producers & Energy Traders,3,10,10,10,production_boost,12,9,0,0,0,3,3,0,0,3,True,False,False,False,none
NSC,Norfolk Southern,Industrials,Rail Transportation,3,15,10,9,production_boost,13,12,0,0,0,3,3,0,0,3,True,False,False,False,blocked_domains
OMC,Omnicom Group,Communication Services,Advertising,3,9,9,8,production_boost,14,11,0,0,0,3,3,0,0,3,True,False,False,False,blocked_domains
PH,Parker Hannifin,Industrials,Industrial Machinery & Supplies & Components,3,4,4,4,production_boost,10,9,0,0,0,3,3,0,0,3,True,False,False,False,none
PODD,Insulet Corporation,Health Care,Health Care Equipment,3,12,10,8,production_boost,12,10,0,0,0,3,3,0,0,3,True,False,False,False,blocked_domains
REGN,Regeneron Pharmaceuticals,Health Care,Biotechnology,3,9,9,9,production_boost,15,8,0,0,0,3,3,0,0,3,True,False,False,False,none
RJF,Raymond James Financial,Financials,Investment Banking & Brokerage,3,11,10,10,production_boost,13,10,0,0,0,3,3,0,0,3,True,False,False,False,none
RMD,ResMed,Health Care,Health Care Equipment,3,5,5,4,production_boost,11,9,0,0,0,3,3,0,0,3,True,False,False,False,blocked_domains
ROK,Rockwell Automation,Industrials,Electrical Components & Equipment,3,11,10,10,production_boost,15,8,0,0,0,3,3,0,0,3,True,False,False,False,none
RTX,RTX Corporation,Industrials,Aerospace & Defense,3,40,10,10,production_boost,15,15,0,0,0,3,3,0,0,3,True,False,False,False,none
RVTY,Revvity,Health Care,Health Care Equipment,3,6,6,5,production_boost,14,11,0,0,0,3,3,0,0,3,True,False,False,False,blocked_domains
SOLV,Solventum,Health Care,Health Care Technology,3,13,10,8,production_boost,13,11,0,0,0,3,3,0,0,3,True,False,False,False,blocked_domains
SRE,Sempra,Utilities,Multi-Utilities,3,8,7,6,production_boost,12,12,0,0,0,3,3,0,0,3,True,False,False,False,blocked_domains
TDG,TransDigm Group,Industrials,Aerospace & Defense,3,8,6,6,production_boost,12,9,0,0,0,3,3,0,0,3,True,False,False,False,none
TECH,Bio-Techne,Health Care,Life Sciences Tools & Services,3,10,9,8,production_boost,10,6,0,0,0,3,3,0,0,3,True,False,False,False,blocked_domains
TER,Teradyne,Information Technology,Semiconductor Materials & Equipment,3,16,10,9,production_boost,9,4,0,0,0,3,3,0,0,3,True,False,False,False,blocked_domains
TRGP,Targa Resources,Energy,Oil & Gas Storage & Transportation,3,13,10,10,production_boost,12,10,0,0,0,3,3,0,0,3,True,False,False,False,none
TT,Trane Technologies,Industrials,Building Products,3,18,10,8,production_boost,15,13,0,0,0,3,3,0,0,3,True,False,False,False,blocked_domains
TYL,Tyler Technologies,Information Technology,Application Software,3,13,10,10,production_boost,13,10,0,0,0,3,3,0,0,3,True,False,False,False,none
UNP,Union Pacific Corporation,Industrials,Rail Transportation,3,26,10,10,production_boost,12,8,0,0,0,3,3,0,0,3,True,False,False,False,none
VICI,Vici Properties,Real Estate,Hotel & Resort REITs,3,13,10,5,production_boost,11,8,0,0,0,3,3,0,0,3,True,False,False,False,blocked_domains
VLTO,Veralto,Industrials,Environmental & Facilities Services,3,1,1,1,production_boost,12,11,0,0,0,3,3,0,0,3,True,False,False,False,none
VTR,Ventas,Real Estate,Health Care REITs,3,8,7,5,production_boost,10,8,0,0,0,3,3,0,0,3,True,False,False,False,blocked_domains
VZ,Verizon,Communication Services,Integrated Telecommunication Services,3,65,10,7,production_boost,15,13,0,0,0,3,3,0,0,3,True,False,False,False,blocked_domains
WEC,WEC Energy Group,Utilities,Electric Utilities,3,11,10,10,production_boost,13,11,0,0,0,3,3,0,0,3,True,False,False,False,none
WST,West Pharmaceutical Services,Health Care,Health Care Supplies,3,25,10,9,production_boost,14,11,0,0,0,3,3,0,0,3,True,False,False,False,blocked_domains
WTW,Willis Towers Watson,Financials,Insurance Brokers,3,6,6,5,production_boost,10,7,0,0,0,3,3,0,0,3,True,False,False,False,blocked_domains
XYZ,"Block, Inc.",Financials,Transaction & Payment Processing Services,3,37,10,9,production_boost,12,10,0,0,0,3,3,0,0,3,True,False,False,False,blocked_domains
YUM,Yum! Brands,Consumer Discretionary,Restaurants,3,13,10,7,production_boost,13,11,0,0,0,3,3,0,0,3,True,False,False,False,blocked_domains
BLDR,Builders FirstSource,Industrials,Building Products,2,3,3,2,mvp_recovery,11,8,0,0,0,2,2,0,0,2,False,False,False,False,low_finnhub_supply
CINF,Cincinnati Financial,Financials,Property & Casualty Insurance,2,4,4,4,mvp_recovery,12,10,0,0,0,2,2,0,0,2,False,False,False,False,low_finnhub_supply
CNC,Centene Corporation,Health Care,Managed Health Care,2,14,10,9,mvp_recovery,13,12,0,0,0,2,2,0,0,2,False,False,False,False,enrichment_incomplete
CSGP,CoStar Group,Real Estate,Real Estate Services,2,23,10,10,mvp_recovery,14,12,0,0,0,2,2,0,0,2,False,False,False,False,enrichment_incomplete
GWW,W. W. Grainger,Industrials,Industrial Machinery & Supplies & Components,2,7,7,7,mvp_recovery,11,9,0,0,0,1,1,0,0,2,False,False,False,False,enrichment_incomplete
HBAN,Huntington Bancshares,Financials,Regional Banks,2,9,9,9,mvp_recovery,14,13,0,0,0,2,2,0,0,2,False,False,False,False,enrichment_incomplete
HII,Huntington Ingalls Industries,Industrials,Aerospace & Defense,2,14,10,9,mvp_recovery,13,11,0,0,0,2,2,0,0,2,False,False,False,False,enrichment_incomplete
HSIC,Henry Schein,Health Care,Health Care Distributors,2,5,5,4,mvp_recovery,13,11,0,0,0,2,2,0,0,2,False,False,False,False,enrichment_incomplete
HSY,Hershey Company (The),Consumer Staples,Packaged Foods & Meats,2,10,10,7,mvp_recovery,14,12,0,0,0,2,2,0,0,2,False,False,False,False,enrichment_incomplete
IP,International Paper,Materials,Paper & Plastic Packaging Products & Materials,2,5,5,4,mvp_recovery,14,12,0,0,0,2,2,0,0,2,False,False,False,False,enrichment_incomplete
IQV,IQVIA,Health Care,Life Sciences Tools & Services,2,14,10,8,mvp_recovery,12,10,0,0,0,2,2,0,0,2,False,False,False,False,enrichment_incomplete
IR,Ingersoll Rand,Industrials,Industrial Machinery & Supplies & Components,2,10,10,10,mvp_recovery,13,10,0,0,0,2,2,0,0,2,False,False,False,False,enrichment_incomplete
JBHT,J.B. Hunt,Industrials,Cargo Ground Transportation,2,13,10,8,mvp_recovery,14,11,0,0,0,2,2,0,0,2,False,False,False,False,enrichment_incomplete
KMB,Kimberly-Clark,Consumer Staples,Household Products,2,15,10,8,mvp_recovery,14,11,0,0,0,2,2,0,0,2,False,False,False,False,enrichment_incomplete
KR,Kroger,Consumer Staples,Food Retail,2,18,9,8,mvp_recovery,15,8,0,0,0,2,2,0,0,2,False,False,False,False,enrichment_incomplete
LIN,Linde plc,Materials,Industrial Gases,2,5,5,4,mvp_recovery,14,10,0,0,0,2,2,0,0,2,False,False,False,False,enrichment_incomplete
LULU,Lululemon Athletica,Consumer Discretionary,"Apparel, Accessories & Luxury Goods",2,16,10,10,mvp_recovery,14,11,0,0,0,2,2,0,0,2,False,False,False,False,enrichment_incomplete
MA,Mastercard,Financials,Transaction & Payment Processing Services,2,74,10,8,mvp_recovery,12,7,0,0,0,2,2,0,0,2,False,False,False,False,enrichment_incomplete
MCK,McKesson Corporation,Health Care,Health Care Distributors,2,16,9,9,mvp_recovery,14,10,0,0,0,2,2,0,0,2,False,False,False,False,enrichment_incomplete
MDLZ,Mondelez International,Consumer Staples,Packaged Foods & Meats,2,6,6,6,mvp_recovery,11,8,0,0,0,2,2,0,0,2,False,False,False,False,enrichment_incomplete
MGM,MGM Resorts,Consumer Discretionary,Casinos & Gaming,2,5,5,5,mvp_recovery,15,13,0,0,0,2,2,0,0,2,False,False,False,False,enrichment_incomplete
MPWR,Monolithic Power Systems,Information Technology,Semiconductors,2,17,10,9,mvp_recovery,14,11,0,0,0,2,2,0,0,2,False,False,False,False,enrichment_incomplete
MRK,Merck & Co.,Health Care,Pharmaceuticals,2,40,10,8,mvp_recovery,14,13,0,0,0,2,2,0,0,2,False,False,False,False,enrichment_incomplete
NDAQ,"Nasdaq, Inc.",Financials,Financial Exchanges & Data,2,17,10,10,mvp_recovery,14,13,0,0,0,2,2,0,0,2,False,False,False,False,enrichment_incomplete
NDSN,Nordson Corporation,Industrials,Industrial Machinery & Supplies & Components,2,5,5,5,mvp_recovery,13,12,0,0,0,2,2,0,0,2,False,False,False,False,enrichment_incomplete
NUE,Nucor,Materials,Steel,2,16,9,8,mvp_recovery,14,11,0,0,0,2,2,0,0,2,False,False,False,False,enrichment_incomplete
NXPI,NXP Semiconductors,Information Technology,Semiconductors,2,21,10,9,mvp_recovery,13,9,0,0,0,2,2,0,0,2,False,False,False,False,enrichment_incomplete
ORCL,Oracle Corporation,Information Technology,Application Software,2,123,10,10,mvp_recovery,12,9,0,0,0,2,2,0,0,2,False,False,False,False,enrichment_incomplete
ORLY,O’Reilly Automotive,Consumer Discretionary,Automotive Retail,2,5,5,4,mvp_recovery,11,9,0,0,0,2,2,0,0,2,False,False,False,False,enrichment_incomplete
PANW,Palo Alto Networks,Information Technology,Systems Software,2,43,10,8,mvp_recovery,11,11,0,0,0,2,2,0,0,2,False,False,False,False,enrichment_incomplete
PCAR,Paccar,Industrials,Construction Machinery & Heavy Transportation Equipment,2,1,1,1,mvp_recovery,15,14,0,0,0,2,2,0,0,2,False,False,False,False,low_finnhub_supply
PEP,PepsiCo,Consumer Staples,Soft Drinks & Non-alcoholic Beverages,2,32,10,7,mvp_recovery,14,14,0,0,0,2,2,0,0,2,False,False,False,False,enrichment_incomplete
PFE,Pfizer,Health Care,Pharmaceuticals,2,75,10,9,mvp_recovery,13,12,0,0,0,2,2,0,0,2,False,False,False,False,enrichment_incomplete
PNW,Pinnacle West Capital,Utilities,Multi-Utilities,2,2,2,2,mvp_recovery,11,10,0,0,0,2,2,0,0,2,False,False,False,False,low_finnhub_supply
POOL,Pool Corporation,Consumer Discretionary,Distributors,2,11,9,8,mvp_recovery,12,10,0,0,0,2,2,0,0,2,False,False,False,False,enrichment_incomplete
PWR,Quanta Services,Industrials,Construction & Engineering,2,25,10,7,mvp_recovery,15,13,0,0,0,2,2,0,0,2,False,False,False,False,enrichment_incomplete
QCOM,Qualcomm,Information Technology,Semiconductors,2,185,10,9,mvp_recovery,14,14,0,0,0,2,2,0,0,2,False,False,False,False,enrichment_incomplete
RCL,Royal Caribbean Group,Consumer Discretionary,"Hotels, Resorts & Cruise Lines",2,28,10,9,mvp_recovery,13,13,0,0,0,2,2,0,0,2,False,False,False,False,enrichment_incomplete
RF,Regions Financial Corporation,Financials,Regional Banks,2,4,4,4,mvp_recovery,15,12,0,0,0,2,2,0,0,2,False,False,False,False,low_finnhub_supply
SATS,EchoStar,Communication Services,Wireless Telecommunication Services,2,33,10,10,mvp_recovery,13,12,0,0,0,2,2,0,0,2,False,False,False,False,enrichment_incomplete
SBAC,SBA Communications,Real Estate,Telecom Tower REITs,2,8,8,3,mvp_recovery,15,12,0,0,0,2,2,0,0,2,False,False,False,False,enrichment_incomplete
SBUX,Starbucks,Consumer Discretionary,Restaurants,2,72,10,9,mvp_recovery,14,6,0,0,0,2,2,0,0,2,False,False,False,False,enrichment_incomplete
SLB,Schlumberger,Energy,Oil & Gas Equipment & Services,2,12,10,8,mvp_recovery,10,9,0,0,0,2,2,0,0,2,False,False,False,False,enrichment_incomplete
SNPS,Synopsys,Information Technology,Application Software,2,12,9,8,mvp_recovery,13,12,0,0,0,2,2,0,0,2,False,False,False,False,enrichment_incomplete
STLD,Steel Dynamics,Materials,Steel,2,5,5,5,mvp_recovery,12,8,0,0,0,2,2,0,0,2,False,False,False,False,enrichment_incomplete
SWKS,Skyworks Solutions,Information Technology,Semiconductors,2,13,10,7,mvp_recovery,14,7,0,0,0,2,2,0,0,2,False,False,False,False,enrichment_incomplete
SYF,Synchrony Financial,Financials,Consumer Finance,2,5,5,5,mvp_recovery,14,9,0,0,0,2,2,0,0,2,False,False,False,False,enrichment_incomplete
TAP,Molson Coors Beverage Company,Consumer Staples,Brewers,2,7,7,4,mvp_recovery,11,9,0,0,0,2,2,0,0,2,False,False,False,False,enrichment_incomplete
TDY,Teledyne Technologies,Information Technology,Electronic Equipment & Instruments,2,9,6,6,mvp_recovery,11,7,0,0,0,2,2,0,0,2,False,False,False,False,enrichment_incomplete
TGT,Target Corporation,Consumer Staples,Consumer Staples Merchandise Retail,2,75,10,8,mvp_recovery,13,11,0,0,0,2,2,0,0,2,False,False,False,False,enrichment_incomplete
TMO,Thermo Fisher Scientific,Health Care,Life Sciences Tools & Services,2,14,10,7,mvp_recovery,15,12,0,0,0,2,2,0,0,2,False,False,False,False,enrichment_incomplete
UDR,"UDR, Inc.",Real Estate,Multi-Family Residential REITs,2,4,4,4,mvp_recovery,13,11,0,0,0,2,2,0,0,2,False,False,False,False,low_finnhub_supply
UPS,United Parcel Service,Industrials,Air Freight & Logistics,2,24,10,10,mvp_recovery,12,12,0,0,0,2,2,0,0,2,False,False,False,False,enrichment_incomplete
VRSK,Verisk Analytics,Industrials,Research & Consulting Services,2,9,9,9,mvp_recovery,14,11,0,0,0,2,2,0,0,2,False,False,False,False,enrichment_incomplete
VRSN,Verisign,Information Technology,Internet Services & Infrastructure,2,1,1,1,mvp_recovery,15,14,0,0,0,2,2,0,0,2,False,False,False,False,low_finnhub_supply
BF.B,Brown–Forman,Consumer Staples,Distillers & Vintners,1,5,5,5,mvp_recovery,11,6,0,0,0,1,1,0,0,1,False,False,False,False,enrichment_incomplete
BKNG,Booking Holdings,Consumer Discretionary,"Hotels, Resorts & Cruise Lines",1,23,10,9,mvp_recovery,14,12,0,0,0,1,1,0,0,1,False,False,False,False,enrichment_incomplete
GNRC,Generac,Industrials,Electrical Components & Equipment,1,7,7,5,mvp_recovery,9,7,0,0,0,1,1,0,0,1,False,False,False,False,enrichment_incomplete
IEX,IDEX Corporation,Industrials,Industrial Machinery & Supplies & Components,1,4,4,2,mvp_recovery,9,7,0,0,0,1,1,0,0,1,False,False,False,False,low_finnhub_supply
INCY,Incyte,Health Care,Biotechnology,1,4,4,3,mvp_recovery,11,7,0,0,0,1,1,0,0,1,False,False,False,False,low_finnhub_supply
ISRG,Intuitive Surgical,Health Care,Health Care Equipment,1,24,10,10,mvp_recovery,12,8,0,0,0,1,1,0,0,1,False,False,False,False,enrichment_incomplete
LH,Labcorp,Health Care,Health Care Services,1,10,10,9,mvp_recovery,14,11,0,0,0,1,1,0,0,1,False,False,False,False,enrichment_incomplete
LII,Lennox International,Industrials,Building Products,1,4,4,3,mvp_recovery,14,5,0,0,0,1,1,0,0,1,False,False,False,False,low_finnhub_supply
LUV,Southwest Airlines,Industrials,Passenger Airlines,1,27,10,10,mvp_recovery,15,13,0,0,0,1,1,0,0,1,False,False,False,False,enrichment_incomplete
NEM,Newmont,Materials,Gold,1,39,10,9,mvp_recovery,14,13,0,0,0,1,1,0,0,1,False,False,False,False,enrichment_incomplete
NOW,ServiceNow,Information Technology,Systems Software,1,58,10,10,mvp_recovery,12,10,0,0,0,1,1,0,0,1,False,False,False,False,enrichment_incomplete
OKE,Oneok,Energy,Oil & Gas Storage & Transportation,1,7,7,4,mvp_recovery,13,11,0,0,0,1,1,0,0,1,False,False,False,False,enrichment_incomplete
ON,ON Semiconductor,Information Technology,Semiconductors,1,39,10,10,mvp_recovery,11,7,0,0,0,1,1,0,0,1,False,False,False,False,enrichment_incomplete
OTIS,Otis Worldwide,Industrials,Industrial Machinery & Supplies & Components,1,6,6,5,mvp_recovery,13,10,0,0,0,1,1,0,0,1,False,False,False,False,enrichment_incomplete
PEG,Public Service Enterprise Group,Utilities,Electric Utilities,1,5,5,5,mvp_recovery,13,10,0,0,0,1,1,0,0,1,False,False,False,False,enrichment_incomplete
PFG,Principal Financial Group,Financials,Life & Health Insurance,1,2,2,2,mvp_recovery,14,14,0,0,0,1,1,0,0,1,False,False,False,False,low_finnhub_supply
PKG,Packaging Corporation of America,Materials,Paper & Plastic Packaging Products & Materials,1,5,5,5,mvp_recovery,10,8,0,0,0,1,1,0,0,1,False,False,False,False,enrichment_incomplete
PNC,PNC Financial Services,Financials,Diversified Banks,1,12,10,9,mvp_recovery,14,11,0,0,0,1,1,0,0,1,False,False,False,False,enrichment_incomplete
PNR,Pentair,Industrials,Industrial Machinery & Supplies & Components,1,1,1,1,mvp_recovery,15,11,0,0,0,1,1,0,0,1,False,False,False,False,low_finnhub_supply
PRU,Prudential Financial,Financials,Life & Health Insurance,1,18,10,8,mvp_recovery,13,12,0,0,0,1,1,0,0,1,False,False,False,False,enrichment_incomplete
PSKY,Paramount Skydance Corporation,Communication Services,Movies & Entertainment,1,29,10,8,mvp_recovery,10,10,0,0,0,1,1,0,0,1,False,False,False,False,enrichment_incomplete
REG,Regency Centers,Real Estate,Retail REITs,1,2,2,1,mvp_recovery,14,12,0,0,0,1,1,0,0,1,False,False,False,False,low_finnhub_supply
ROP,Roper Technologies,Information Technology,Electronic Equipment & Instruments,1,13,9,6,mvp_recovery,13,12,0,0,0,1,1,0,0,1,False,False,False,False,enrichment_incomplete
ROST,Ross Stores,Consumer Discretionary,Apparel Retail,1,16,10,9,mvp_recovery,13,6,0,0,0,1,1,0,0,1,False,False,False,False,enrichment_incomplete
SCHW,Charles Schwab Corporation,Financials,Investment Banking & Brokerage,1,50,10,8,mvp_recovery,13,9,0,0,0,1,1,0,0,1,False,False,False,False,enrichment_incomplete
SNA,Snap-on,Industrials,Industrial Machinery & Supplies & Components,1,2,2,1,mvp_recovery,14,13,0,0,0,1,1,0,0,1,False,False,False,False,low_finnhub_supply
STZ,Constellation Brands,Consumer Staples,Distillers & Vintners,1,8,7,5,mvp_recovery,14,11,0,0,0,1,1,0,0,1,False,False,False,False,enrichment_incomplete
TPL,Texas Pacific Land Corporation,Energy,Oil & Gas Exploration & Production,1,9,9,8,mvp_recovery,10,10,0,0,0,1,1,0,0,1,False,False,False,False,enrichment_incomplete
WRB,W. R. Berkley Corporation,Financials,Property & Casualty Insurance,1,4,4,4,mvp_recovery,8,6,0,0,0,1,1,0,0,1,False,False,False,False,low_finnhub_supply
GRMN,Garmin,Consumer Discretionary,Consumer Electronics,0,2,2,2,mvp_recovery,14,10,0,0,0,0,0,0,0,0,False,False,False,False,low_finnhub_supply
HUBB,Hubbell Incorporated,Industrials,Industrial Machinery & Supplies & Components,0,2,2,2,mvp_recovery,14,12,0,0,0,0,0,0,0,0,False,False,False,False,low_finnhub_supply
L,Loews Corporation,Financials,Multi-line Insurance,0,1,1,1,mvp_recovery,9,8,0,0,0,0,0,0,0,0,False,False,False,False,low_finnhub_supply
MNST,Monster Beverage,Consumer Staples,Soft Drinks & Non-alcoholic Beverages,0,15,9,8,mvp_recovery,10,9,0,0,0,0,0,0,0,0,False,False,False,False,enrichment_incomplete
MSCI,MSCI Inc.,Financials,Financial Exchanges & Data,0,7,7,6,mvp_recovery,15,12,0,0,0,0,0,0,0,0,False,False,False,False,enrichment_incomplete
MTD,Mettler Toledo,Health Care,Life Sciences Tools & Services,0,9,9,8,mvp_recovery,14,11,0,0,0,0,0,0,0,0,False,False,False,False,enrichment_incomplete
NCLH,Norwegian Cruise Line Holdings,Consumer Discretionary,"Hotels, Resorts & Cruise Lines",0,32,10,10,mvp_recovery,13,10,0,0,0,0,0,0,0,0,False,False,False,False,enrichment_incomplete
NI,NiSource,Utilities,Multi-Utilities,0,7,7,7,mvp_recovery,12,11,0,0,0,0,0,0,0,0,False,False,False,False,enrichment_incomplete
NTAP,NetApp,Information Technology,"Technology Hardware, Storage & Peripherals",0,10,10,10,mvp_recovery,14,11,0,0,0,0,0,0,0,0,False,False,False,False,enrichment_incomplete
PAYX,Paychex,Industrials,Human Resource & Employment Services,0,4,4,3,mvp_recovery,14,11,0,0,0,0,0,0,0,0,False,False,False,False,low_finnhub_supply
PGR,Progressive Corporation,Financials,Property & Casualty Insurance,0,16,10,10,mvp_recovery,13,10,0,0,0,0,0,0,0,0,False,False,False,False,enrichment_incomplete
PHM,PulteGroup,Consumer Discretionary,Homebuilding,0,2,2,2,mvp_recovery,14,11,0,0,0,0,0,0,0,0,False,False,False,False,low_finnhub_supply
PLD,Prologis,Real Estate,Industrial REITs,0,15,10,8,mvp_recovery,15,13,0,0,0,0,0,0,0,0,False,False,False,False,enrichment_incomplete
PPG,PPG Industries,Materials,Specialty Chemicals,0,1,1,1,mvp_recovery,14,12,0,0,0,0,0,0,0,0,False,False,False,False,low_finnhub_supply
PPL,PPL Corporation,Utilities,Electric Utilities,0,9,9,8,mvp_recovery,13,11,0,0,0,0,0,0,0,0,False,False,False,False,enrichment_incomplete
PSA,Public Storage,Real Estate,Self-Storage REITs,0,2,2,1,mvp_recovery,14,13,0,0,0,0,0,0,0,0,False,False,False,False,low_finnhub_supply
PSX,Phillips 66,Energy,Oil & Gas Refining & Marketing,0,17,10,9,mvp_recovery,13,12,0,0,0,0,0,0,0,0,False,False,False,False,enrichment_incomplete
PYPL,PayPal,Financials,Transaction & Payment Processing Services,0,55,10,8,mvp_recovery,14,14,0,0,0,0,0,0,0,0,False,False,False,False,enrichment_incomplete
Q,Qnity Electronics,Information Technology,Semiconductor Materials & Equipment,0,38,10,9,mvp_recovery,14,14,0,0,0,0,0,0,0,0,False,False,False,False,enrichment_incomplete
RL,Ralph Lauren Corporation,Consumer Discretionary,"Apparel, Accessories & Luxury Goods",0,14,10,10,mvp_recovery,15,12,0,0,0,0,0,0,0,0,False,False,False,False,enrichment_incomplete
ROL,"Rollins, Inc.",Industrials,Environmental & Facilities Services,0,14,10,8,mvp_recovery,14,12,0,0,0,0,0,0,0,0,False,False,False,False,enrichment_incomplete
RSG,Republic Services,Industrials,Environmental & Facilities Services,0,11,10,8,mvp_recovery,13,10,0,0,0,0,0,0,0,0,False,False,False,False,enrichment_incomplete
SHW,Sherwin-Williams,Materials,Specialty Chemicals,0,8,8,7,mvp_recovery,11,10,0,0,0,0,0,0,0,0,False,False,False,False,enrichment_incomplete
